A. KORAMIL
—Minggu, 01 Juni 2025


—Senin, 02 Juni 2025


—Selasa, 03 Juni 2025


—Rabu, 04 Juni 2025


—Kamis, 05 Juni 2025


—Jumat, 06 Juni 2025


—Sabtu, 07 Juni 2025


—Minggu, 08 Juni 2025


—Senin, 09 Juni 2025


—Selasa, 10 Juni 2025


—Rabu, 11 Juni 2025


—Kamis, 12 Juni 2025


—Jumat, 13 Juni 2025


—Sabtu, 14 Juni 2025


—Minggu, 15 Juni 2025


—Senin, 16 Juni 2025


—Selasa, 17 Juni 2025


—Rabu, 18 Juni 2025


—Kamis, 19 Juni 2025


—Jumat, 20 Juni 2025


—Sabtu, 21 Juni 2025


—Minggu, 22 Juni 2025


—Senin, 23 Juni 2025


—Selasa, 24 Juni 2025


—Rabu, 25 Juni 2025


—Kamis, 26 Juni 2025


—Jumat, 27 Juni 2025


—Sabtu, 28 Juni 2025


—Minggu, 29 Juni 2025


—Senin, 30 Juni 2025



B. JAGA KEDIAMAN
—Minggu, 01 Juni 2025


—Senin, 02 Juni 2025


—Selasa, 03 Juni 2025


—Rabu, 04 Juni 2025


—Kamis, 05 Juni 2025


—Jumat, 06 Juni 2025


—Sabtu, 07 Juni 2025


—Minggu, 08 Juni 2025


—Senin, 09 Juni 2025


—Selasa, 10 Juni 2025


—Rabu, 11 Juni 2025


—Kamis, 12 Juni 2025


—Jumat, 13 Juni 2025


—Sabtu, 14 Juni 2025


—Minggu, 15 Juni 2025


—Senin, 16 Juni 2025


—Selasa, 17 Juni 2025


—Rabu, 18 Juni 2025


—Kamis, 19 Juni 2025


—Jumat, 20 Juni 2025


—Sabtu, 21 Juni 2025


—Minggu, 22 Juni 2025


—Senin, 23 Juni 2025


—Selasa, 24 Juni 2025


—Rabu, 25 Juni 2025


—Kamis, 26 Juni 2025


—Jumat, 27 Juni 2025


—Sabtu, 28 Juni 2025


—Minggu, 29 Juni 2025


—Senin, 30 Juni 2025


C. MAKODIM
—Minggu, 01 Juni 2025


—Senin, 02 Juni 2025


—Selasa, 03 Juni 2025


—Rabu, 04 Juni 2025


—Kamis, 05 Juni 2025


—Jumat, 06 Juni 2025


—Sabtu, 07 Juni 2025


—Minggu, 08 Juni 2025


—Senin, 09 Juni 2025


—Selasa, 10 Juni 2025


—Rabu, 11 Juni 2025


—Kamis, 12 Juni 2025


—Jumat, 13 Juni 2025


—Sabtu, 14 Juni 2025


—Minggu, 15 Juni 2025


—Senin, 16 Juni 2025


—Selasa, 17 Juni 2025


—Rabu, 18 Juni 2025


—Kamis, 19 Juni 2025


—Jumat, 20 Juni 2025


—Sabtu, 21 Juni 2025


—Minggu, 22 Juni 2025


—Senin, 23 Juni 2025


—Selasa, 24 Juni 2025


—Rabu, 25 Juni 2025


—Kamis, 26 Juni 2025


—Jumat, 27 Juni 2025


—Sabtu, 28 Juni 2025


—Minggu, 29 Juni 2025


—Senin, 30 Juni 2025